analysis,metric,paper_value,archived_value,archived_matches_printed_precision,current_full_rerun,source
ETRI,state_ratio_delta_median,0.463,0.463349512,True,NOT_RUN,05_CODE/original_paper_reproduction/paper/reference/etri/primary_feature_inference.csv
ETRI,state_ratio_CI,0.284;0.555,0.283522919;0.555303637,True,NOT_RUN,05_CODE/original_paper_reproduction/paper/reference/etri/primary_feature_inference.csv
ETRI,intensity_delta_median,0.376,0.376368552,True,NOT_RUN,05_CODE/original_paper_reproduction/paper/reference/etri/primary_feature_inference.csv
ETRI,intensity_CI,0.261;0.504,0.260643973;0.503929447,True,NOT_RUN,05_CODE/original_paper_reproduction/paper/reference/etri/primary_feature_inference.csv
ETRI,event_count_finite_pairs,4995/5000,4995/5000,True,NOT_RUN,05_CODE/original_paper_reproduction/paper/reference/etri/primary_feature_inference.csv
ETRI,state_ratio_finite_pairs,10000/10000,10000/10000,True,NOT_RUN,05_CODE/original_paper_reproduction/paper/reference/etri/primary_feature_inference.csv
ETRI,intensity_finite_pairs,14840/15000,14840/15000,True,NOT_RUN,05_CODE/original_paper_reproduction/paper/reference/etri/primary_feature_inference.csv
ETRI,timing_finite_pairs,9790/10000,9790/10000,True,NOT_RUN,05_CODE/original_paper_reproduction/paper/reference/etri/primary_feature_inference.csv
ETRI,downstream_records,943392,943392,True,NOT_RUN,05_CODE/original_paper_reproduction/paper/reference/etri/study_design.json
ETRI,random_drift,0.000142,0.000142129891,True,NOT_RUN,05_CODE/original_paper_reproduction/paper/reference/etri/downstream_condition_summary.csv
ETRI,contiguous_drift,0.001352,0.00135219239,True,NOT_RUN,05_CODE/original_paper_reproduction/paper/reference/etri/downstream_condition_summary.csv
ETRI,boundary_drift,0.004128,0.00412832171,True,NOT_RUN,05_CODE/original_paper_reproduction/paper/reference/etri/downstream_condition_summary.csv
ETRI,corroboration_median,0,0,True,NOT_RUN,05_CODE/original_paper_reproduction/paper/reference/etri/manuscript_evidence.md
StudentLife,state_ratio_delta,0.290,0.2904673992761725,True,NOT_RUN,05_CODE/original_paper_reproduction/paper/reference/external/external_transfer_summary.csv
StudentLife,intensity_delta,0.305,0.30506706244390785,True,NOT_RUN,05_CODE/original_paper_reproduction/paper/reference/external/external_transfer_summary.csv
ExtraSensory,state_ratio_delta,0.091,0.09127954524689767,True,NOT_RUN,05_CODE/original_paper_reproduction/paper/reference/external/external_transfer_summary.csv
ExtraSensory,intensity_delta,0.184,0.18387878845441558,True,NOT_RUN,05_CODE/original_paper_reproduction/paper/reference/external/external_transfer_summary.csv
Recovery,same_day_evaluation_count,500000,500000,True,NOT_RUN,90_ARCHIVE/output/ictc2026-final-preparation/2026-09-11/imputation_extension/FINAL_VERIFICATION.json
Recovery,other_day_evaluation_count,400000,400000,True,NOT_RUN,90_ARCHIVE/output/ictc2026-final-preparation/2026-09-11/crossday_imputation_v1/full_01/recovery_rows.parquet
Recovery,linear_mobile_light_gain,0.193,0.19283296808744937,True,NOT_RUN,90_ARCHIVE/output/ictc2026-final-preparation/2026-09-11/imputation_extension/summary_01/summary.csv
Recovery,linear_wearable_light_gain,0.306,0.3060605868000776,True,NOT_RUN,90_ARCHIVE/output/ictc2026-final-preparation/2026-09-11/imputation_extension/summary_01/summary.csv
Recovery,same_time_median_mobile_light_gain,0.437,0.4365153372495487,True,NOT_RUN,90_ARCHIVE/output/ictc2026-final-preparation/2026-09-11/crossday_imputation_v1/summary_01/summary.csv
Recovery,same_time_median_wearable_light_gain,0.528,0.5283995385241512,True,NOT_RUN,90_ARCHIVE/output/ictc2026-final-preparation/2026-09-11/crossday_imputation_v1/summary_01/summary.csv
StudentLife,prediction_people/windows,49/1126,49/1126,True,NOT_RUN,90_ARCHIVE/output/ictc2026-final-preparation/2026-09-11/external_inventory/eligible_prediction_windows_deduplicated.parquet
ExtraSensory,prediction_people/windows,53/5085,53/5085,True,NOT_RUN,90_ARCHIVE/output/ictc2026-final-preparation/2026-09-11/external_inventory/eligible_prediction_windows_deduplicated.parquet
StudentLife,observed_AUROC,0.448,0.4484126984126984,True,NOT_RUN,90_ARCHIVE/output/ictc2026-final-preparation/2026-09-11/external_prediction/run_01/summary.csv
ExtraSensory,observed_AUROC,0.854,0.8538411458333334,True,NOT_RUN,90_ARCHIVE/output/ictc2026-final-preparation/2026-09-11/external_prediction/run_01/summary.csv
StudentLife,prior_minus_model_logloss,-0.0013,-0.0013167575858222813,True,NOT_RUN,90_ARCHIVE/output/ictc2026-final-preparation/2026-09-11/external_prediction/run_01/summary.csv
ExtraSensory,prior_minus_model_logloss,0.1088,0.10882771672047686,True,NOT_RUN,90_ARCHIVE/output/ictc2026-final-preparation/2026-09-11/external_prediction/run_01/summary.csv
ExtraSensory,paired_block_minus_random_logloss,0.00142,0.0014165078888647709,True,NOT_RUN,90_ARCHIVE/output/ictc2026-final-preparation/2026-09-11/external_prediction/run_01/summary.csv
